id;first_name;last_name;gender;email;phone;address_line_1;address_line_2;city;country
1;Sherman;MacGyver;MALE;"tmA_y@N.2Vb$";240.574.1041 x2086;knowledge base Buckinghamshire;Concrete Investment Account Saint Lucia;East Twilaton;Morocco
2;Effie;Powlowski;FEMALE;"A@bk.P9u%~";(482) 148-8538 x18339;contextually-based;synergies copying;Gutmanntown;Central African Republic
3;Johnathon;Lesch;OTHER;"ZHyR{@8wH;qz.9,";557-430-9292;Moroccan Dirham;capability zero tolerance Computers;Westonport;Iran
4;Amelie;Bartoletti;FEMALE;"]?4X`#@O.42{2u";(495) 256-0732 x278;Point Orchestrator;Solomon Islands Licensed;Corwinborough;Lithuania
5;Chyna;Powlowski;OTHER;"swXN@Uc3]\.#|6\|";1-823-601-9633 x598;Forint;Concrete Global SMS;East Magdalena;Chile
6;Reanna;Wunsch;FEMALE;"3$+t@x|%#1<.;#E";(613) 237-7888 x84786;Unbranded Cheese Dynamic;Alabama transform;Ondrickashire;Albania
7;Ed;Crooks;OTHER;"h@o:M.YxI(?T";1-024-317-3678 x7635;Sleek turn-key;Ergonomic;Watsonshire;Hong Kong
8;Jeanne;Toy;OTHER;",@p.wQ#g(2";1-425-076-0199 x4929;out-of-the-box Automotive Tactics;Venezuela Wisconsin;Stehrton;France
9;Elmo;Hoppe;FEMALE;"iaM@_`uv,:.J.T%np";986.950.0266;intuitive Open-architected system-worthy;program;Bridiechester;Pitcairn Islands
10;Floy;Lueilwitz;FEMALE;"n]2y@F\PP3.XpW_y";(505) 671-6073;Unbranded Fresh Pants Tools California;North Dakota Garden;East Karen;Wallis and Futuna
